id,matricula_discente,analisis_vectorial,calculo,matematicas_discretas,algoritmia_y_programacion_estructurada,fisica,ingenieria_etica_sociedad,ecuaciones_diferenciales,algebra_lineal,calculo_aplicado,estructuras_de_datos,comunicacion_oral_y_escrita,analisis_fundamental_de_circuitos,matematicas_avanzadas_para_la_ingenieria,fundamentos_economicos,fundamentos_de_dise��o_dig,teoria_computacional,bases_de_datos,programacion_orientada_a_objetos,electronica_analogica,redes_de_computadoras,diseno_de_sistemas_computacionales,probabilidad_y_estadistica,sistemas_operativos,analisis_y_diseno_orientado_objetos,tecnologias_para_la_web,administracion_financiera,optativa_A,arquitectura_de_computadoras,analisis_de_algoritmos,optativa_B,ingenieria_de_software,administracion_de_proyectos,instrumentacion,teoria_de_comunicaciones_y_senales,aplicaciones_para_comunicaciones_en_red,metodos_cuantitativos_para_la_toma_de_decisiones,introduccion_a_los_microcontroladores,compiladores,optativa_C,optativa_D,desarrollo_de_sistemas_distribuidos,administracion_de_servicios_en_red,gestion_empresarial,liderazgo,trabajo_terminal_I,electiva,trabajo_terminal_II
1,1,7.390226829,6.692219649,2.111468741,2.126828081,2.841792276,4.139639039,5.42463371,6.856135813,6.993372936,1.957435901,1.01695421,0.220776198,7.177418767,4.796051655,0.233301681,0.532076237,1.234828961,4.091145363,2.655074287,4.951041948,8.156988164,7.373501538,7.277721157,5.212948902,6.62053086,7.727463176,8.487611148,1.793402202,2.800605171,7.649151684,8.779187576,7.329442119,3.377512486,6.401194358,3.419997049,5.420576746,8.050705287,7.408563262,7.015209603,4.680357797,1.435289183,2.918978603,2.911858073,8.47915748,9.714224036,4.703423715,2.795872553
2,2015080213,9.166458101,8.85978207,9.653528766,2.733172982,2.91854703,0.704524959,1.372901022,9.261879447,3.306189957,9.473925194,9.900092365,9.394350919,9.179800325,0.646712472,8.751227865,1.675921602,4.107412401,3.7808307,2.210046788,1.954923837,6.213922547,0.259619032,4.281416949,0.033880303,8.347448634,6.684804984,8.155531391,9.71303995,3.301147118,3.94382957,6.775888199,5.338800059,4.736621934,7.106912867,9.113356815,8.116261724,8.187963123,3.103774694,4.931591329,2.210210391,4.61301362,8.343695639,5.191969983,7.407317391,6.51298012,7.890401359,3.605201263
3,3,2.872268756,2.464792728,6.347227672,9.571858005,4.008209452,6.070130599,9.254369642,9.186543468,6.169852273,0.772978796,0.249759818,1.042221267,2.591859726,1.500308671,4.092624112,2.783382382,7.572947092,4.511156612,0.178853482,7.844886112,0.514659847,9.892051546,6.556628036,4.646433672,0.687828931,0.162070655,9.366723295,8.914456753,5.875500161,7.07663584,1.323491511,3.064234229,3.399022459,5.57494909,4.594914431,1.171328243,8.246885085,1.768745331,5.401342061,7.427525623,0.850646693,9.133714559,3.757607901,3.772482707,0.847822189,7.478849405,5.645838875
4,4,2.233984033,9.574276384,2.498274539,6.86666973,7.923562146,2.708965755,8.145140745,6.116975579,3.230947834,6.223200248,0.312265567,0.679805739,1.068348937,5.040305593,0.206564569,9.276841935,2.02562896,3.370782108,9.675510496,8.64845549,3.828161483,2.251002683,8.33017027,0.644908739,9.06463353,4.453458169,1.82786859,5.768212207,8.098032632,1.219962761,2.881882036,4.562466009,5.122840399,0.157783568,9.393334155,6.018413542,3.61580914,7.949138978,4.073176627,6.601802708,9.423619288,1.681583547,4.550995295,9.427801912,1.174670133,5.830551092,1.475640721
5,5,2.464135489,5.64690202,9.988571368,6.202839931,1.986024186,3.766411867,7.742272672,0.327436143,6.60058652,6.259199156,5.808068463,9.325388729,1.404656502,5.955767458,7.940012833,0.456008346,3.22409152,8.14106496,3.977142424,2.125324531,0.452135086,9.692599437,1.040853228,3.904867435,9.626127221,2.951973047,2.24835888,3.050138597,0.469351017,3.079235176,4.561503841,6.467288936,0.459982851,3.851674808,5.76939186,4.660740449,7.922817097,5.141778843,2.37003484,0.604931679,4.068846493,7.99214844,6.454387755,2.174235187,7.914951418,0.222542723,2.411548054
6,6,5.145298832,5.147515481,2.17912265,1.954951565,9.574720682,3.00859736,3.829461331,9.289099501,9.919744916,0.091984644,4.858992348,6.940464369,9.581789894,6.633511072,1.248911186,6.981500365,6.187705678,1.995752223,8.990766825,4.985449828,0.700694645,6.749466197,8.717573394,6.778345192,5.708651805,9.056815994,7.461318573,9.668218935,4.010349598,4.692748307,9.860651278,9.027569968,6.349666364,1.230268826,9.475963038,8.013314237,8.230540648,4.273325561,5.620651197,8.178613214,8.691762336,0.368744264,7.6964644,0.454012422,9.082825143,1.067357655,7.547313184
7,7,6.279490478,2.554694518,5.665914708,4.511934124,2.88725128,8.31199721,4.315414838,9.025927034,3.394148275,3.56570068,1.127328549,9.596987578,7.41154657,5.250098371,7.250674122,7.721195321,0.620575653,2.33922713,7.342056836,2.73746004,1.132217181,4.424435628,8.505702715,8.795863542,7.645149956,9.437480118,4.831014569,3.489985079,1.390372854,0.183121111,8.072054043,9.219261968,1.869848088,6.15000026,8.024180662,5.197977067,6.690456912,0.802263528,9.781181735,0.187541775,2.322486304,5.690219644,0.885270894,5.397552335,5.102121782,4.2534152,7.545431326
8,8,0.207459317,3.322805705,1.507910892,8.766688959,4.746362311,5.507719384,2.132650913,1.24873024,5.687524113,5.373294225,7.962938494,7.166539008,0.71919209,4.705077449,0.661308727,8.614265426,6.814981948,3.401748312,8.772881073,3.646269312,3.558373003,6.343937148,9.46438755,1.348370202,5.359875391,2.660596698,2.615896249,3.449133695,3.468301477,6.35987224,5.458336767,4.702387376,3.16351058,7.758189073,7.171499803,1.934933796,7.08101355,5.572201628,5.339705598,0.96067877,0.270086752,4.787912105,2.250176524,3.971976184,8.116062364,4.825146445,2.059646944
9,9,5.825673187,4.207002785,1.199943654,3.06149862,7.951456357,7.35744038,3.846173664,2.313186601,9.107151407,7.052156488,4.818497611,9.123633899,8.911133076,5.755322877,2.048085831,5.863442518,4.089293311,1.540606459,3.084132468,9.239662172,0.204279844,6.62158989,4.648840708,3.702672964,1.017570652,7.407325335,6.834169685,4.674894329,3.390368986,8.015110657,2.924446642,8.403562267,0.56133527,8.976953094,2.277545702,3.481160551,0.195780465,9.45281044,9.21032306,4.455413284,1.363135173,2.180855231,6.254918438,1.943258822,7.279234165,6.345046824,9.129206029
10,10,4.053057509,1.550951821,8.899292516,5.721503715,9.991532255,7.763901802,7.565667078,7.441861394,2.508167218,4.992075754,1.411671901,9.805524195,4.034631256,6.846909818,1.604819526,2.172708285,9.819307261,5.777802362,1.162696206,9.365198458,3.412407098,5.193877686,6.380977066,6.858661499,0.43888433,4.098059867,4.052100596,6.473932814,2.757908981,9.662480792,2.549556245,8.242033612,4.082782135,3.919815689,3.804343075,4.117710291,5.032418797,2.842153872,4.570717162,9.893227507,2.15387646,8.823446282,0.732075676,9.420534918,3.76654239,9.898783785,5.044995721
11,11,6.211494665,7.66705385,4.43504033,8.883611479,5.225302905,8.976048492,2.843469134,0.376567443,9.478787232,6.48080146,7.505621236,2.321412549,5.395388652,1.764938311,8.790768855,0.581533571,9.895970341,9.726125806,8.061515495,9.940854588,2.667026369,2.808679514,7.48175637,4.027031251,0.1267634,2.325259223,4.000004277,5.822512948,9.758551531,8.065701151,1.046929634,5.215912265,8.75630608,2.840099654,4.385333324,7.26671128,1.160192697,3.2070553,7.820980749,3.363247883,3.633493713,1.357554588,8.935392865,4.550595847,0.349615199,9.369415304,4.965263658
12,12,4.315127103,6.759739844,4.560144658,2.405201946,3.83602589,2.199150154,9.143654909,4.67820048,9.119245877,1.497551197,0.624534519,2.867431764,7.818396607,8.902245784,7.951170748,9.498057606,5.856257164,2.824979395,8.875827213,6.920705147,2.822961557,4.467960113,4.449132272,0.689726805,0.589951592,9.533268864,7.506218934,7.694029836,0.723527875,9.6142762,0.104965127,0.339147422,5.077806585,9.657989742,1.558443693,0.003798926,0.269695463,3.066655044,6.074147593,0.773983138,0.902779849,6.177732481,9.466837046,9.659201157,1.457575733,7.044023835,6.537464569
13,13,1.753083486,4.744793892,8.330758787,5.832258516,4.57212967,7.959767498,9.272032023,5.939154262,7.619323507,9.024289113,8.998836745,9.537201946,0.27322231,4.580357734,5.030856524,5.981763332,2.167371575,4.853859708,5.217332277,6.18799022,7.233014284,4.512101319,7.108370603,6.896410642,4.023179059,0.194841581,2.759370288,0.062753272,9.241221598,1.59750101,0.648565271,3.19085378,8.988548563,8.585201493,4.656491266,7.11512757,9.156854649,5.383065561,4.822137736,1.715878586,1.987068695,6.193287,7.951055575,9.485174159,4.538462189,7.299356657,6.016746812
14,14,5.475009428,2.713338652,0.617172222,8.191406522,7.250078971,9.992953008,9.302996295,7.943188245,9.307174462,0.007231368,8.69212844,3.024337728,1.313375589,1.574492438,7.661749876,8.20992022,5.615257339,9.738133779,6.142887439,1.022752056,5.175740079,0.845189153,8.420038221,6.772558251,3.373530481,8.460504052,7.162683394,5.298967507,5.041115995,5.42473197,6.222173516,4.734480843,1.200954239,6.945538935,9.454062184,4.155153277,4.640473698,0.602552282,7.605844517,0.613008322,8.14851066,3.603061752,5.340498507,8.811702409,4.430750348,7.087485422,6.231867803
15,15,3.508989251,1.842825064,1.659015122,5.19459146,4.362233845,4.863971081,7.142433911,9.807204711,1.751476784,0.854396453,2.800625537,0.128911951,9.530439516,0.482308171,0.441489819,6.005111246,2.605037197,9.356182234,8.623447141,1.795986611,0.155882732,9.907516684,2.996318838,5.749335901,4.130693095,4.656600685,1.862674805,0.887578361,6.774784407,8.759140309,1.896373607,5.085464235,7.425009417,8.491109237,4.004315655,6.899633257,8.723913491,1.220998949,1.889544493,7.601490656,3.429581887,2.204537717,2.368384117,8.424890918,1.654221007,3.15900784,8.984053308
16,16,0.523030868,5.766789487,5.888845676,9.141758351,9.994272327,5.920177006,8.478353794,5.510755805,8.448795318,6.505706789,3.858412428,4.463783055,1.377237866,1.620342532,4.435292116,7.940262802,4.555082249,6.12099141,6.799204603,1.850226917,3.084918802,9.580488194,0.89897347,5.761324343,0.169676474,4.855757336,7.794632172,0.988892269,6.444990178,0.18216548,2.464084971,5.166989253,1.519579999,0.124868798,1.903259444,8.732575789,1.531168963,1.513854547,6.506790549,8.867423659,3.185302838,8.669858017,9.28754322,5.521547395,5.804446715,1.180851159,8.764964962
17,17,0.621050306,2.146804801,4.603289262,0.12907952,1.523246358,7.230143914,2.425578356,5.279488882,9.497947384,1.662056048,8.806653917,0.85580209,3.421612797,7.605136512,5.473615379,1.482563988,2.707321022,0.595690365,0.350072754,0.067861844,0.557930677,5.918968928,0.446041707,3.666665094,3.378695212,8.791048792,1.505365377,7.146453222,7.717914598,0.107671823,4.71563268,3.780268726,0.208372731,5.818572165,9.221630921,7.918335703,8.518384905,2.483705352,5.714974024,0.461558118,2.148362522,3.941473869,8.024617304,5.064264655,7.989994546,2.748787077,4.12830897
18,18,9.527379278,6.912004496,3.956918504,0.42966624,7.445207144,2.309613403,9.705605885,4.36459484,8.651591339,6.771474721,0.185197347,1.380432863,9.723166947,5.197588265,5.360688837,0.126282153,9.609641745,1.395147207,7.518954719,2.623668589,6.510441054,1.718099071,3.175443104,6.268530136,8.50479838,0.193034855,3.693747251,0.205952728,3.852116786,8.533761588,2.203234765,2.858026955,1.402817299,1.719484606,0.778726359,0.327178564,2.119991959,3.608901962,6.057842787,8.876428205,4.456911236,7.397246261,7.544872533,0.877306353,7.654355564,0.471667507,7.769155582
19,19,2.281622742,8.901721391,8.369605242,6.004079991,7.585836454,3.826862978,0.185613591,0.504363903,8.417060238,2.730681932,1.390704931,0.590546067,5.4352192,9.75882156,3.599866532,3.748148807,7.642889281,1.179583751,9.758360634,5.594455954,7.137277757,5.472599502,0.288483286,1.570094159,3.105257925,1.236586488,2.849066235,9.189677835,3.133127442,2.967213323,3.326726257,6.097726062,7.539462564,3.423297995,2.758424527,9.843988277,3.64896679,1.984967452,2.622484156,3.748843901,0.082294503,7.152946284,0.599889002,4.136803239,0.202406962,8.44333514,8.96077412
20,20,9.741554526,2.195464926,9.479004954,3.411370777,7.817612239,7.427813752,2.677782102,6.729257179,6.662767297,2.630038156,2.313169491,0.450998371,3.640722539,0.192243704,4.532384183,7.872478101,3.334961925,4.266522652,1.377616701,6.625520859,8.098370327,6.211990229,6.842520811,6.835743332,7.910538952,2.702244751,6.766510797,3.869668762,5.661900133,8.850263051,4.255246448,9.06780686,3.893123565,4.084189486,7.468802738,4.162652353,6.472982298,6.805412434,2.141227654,1.112495129,0.359952926,4.65031266,7.051958997,5.46542984,1.322191086,0.365514999,9.718424343
21,21,4.603847751,5.386259388,4.185172223,1.307269693,5.897833946,7.319285016,1.842183029,5.451826808,6.713922104,6.186805853,6.546417705,5.766525369,3.091926122,8.197979661,4.788545269,1.943749685,4.827549094,0.439060047,2.500425047,0.6831093,2.984732754,4.220365503,7.657346618,0.159222082,0.400613734,7.056504948,0.319115924,4.977247731,8.602464195,6.506443381,2.031066368,8.832026937,7.60314237,2.697738998,8.388647704,0.982183384,2.104528328,8.958920164,5.393362529,6.27281349,5.915788188,0.380734825,6.83591083,0.3039312,4.572119209,2.669525804,1.312785006
22,22,1.792752665,8.37762411,8.39332868,8.993558967,4.656344145,2.089772319,7.608802699,4.696306504,1.093810071,0.814351372,9.635625038,1.399159713,2.985013165,0.443705915,9.072881126,7.73480516,2.81245933,0.093674656,0.872954189,4.132158402,7.117987514,1.156113985,7.215428299,7.229467689,6.862640313,4.850646371,8.060004051,0.070714826,6.669591746,8.364321125,5.580292283,4.212747284,1.704339888,2.951043121,4.139924607,7.646963084,0.034087991,0.5932743,8.680640491,2.785321806,4.080462196,5.848413225,3.1583171,8.854693461,2.318764235,6.711638203,9.540400196
23,23,6.316804056,7.340444664,3.348427232,3.491413406,7.401461656,9.516649834,4.912081202,3.586268433,0.049920256,5.099541118,1.041591885,0.030003461,0.492938801,6.585821891,9.801952391,4.233250812,8.391240644,4.015590814,6.787885742,6.863736273,4.062897368,9.289760235,0.358179364,3.088627337,4.136704265,7.85160296,7.31897125,2.265500825,8.052526071,1.26893971,4.736531804,3.19515146,7.576446824,6.879275089,8.004363363,8.459692694,3.096449834,8.530451283,3.619201567,6.619316125,7.772309707,9.75291604,5.241657199,7.957551687,9.137886148,4.920070376,5.515058919
24,24,7.269297912,0.971131573,0.911035392,4.907968735,3.295558234,8.686767007,9.472244625,7.404083652,7.451611742,2.816083386,7.066177349,5.255543006,0.069009492,8.003865017,9.580530948,6.023084048,6.774800251,5.481374705,3.507418634,5.830325241,2.402857126,0.016633754,3.52396536,6.18560803,0.791723209,9.89644612,1.71084656,9.291617006,1.115816506,7.228804423,2.240815313,3.07510293,2.627980814,7.723438555,9.769918706,7.53909586,9.499840619,5.786527894,7.524989721,5.779232204,2.139808447,4.038133399,4.464926884,7.779420796,5.571707861,5.32106262,4.698401018
25,25,2.953187528,5.973695739,0.635588312,7.393079972,7.225734639,4.309104464,4.394888706,1.999310868,7.450740084,1.097472893,4.056603501,2.835017215,1.89721508,4.028820386,4.742237403,6.917812698,5.634518121,6.931600793,3.929777645,2.385379493,0.616018876,3.396138401,3.194273682,4.17623044,2.609049025,6.290207444,6.250202264,2.493096565,4.857742165,9.511810859,1.557931522,3.630858134,3.721437986,0.839070703,3.855494605,3.096153338,1.807245802,0.393741724,8.756646634,2.573778705,9.547675466,1.500360125,1.631208436,0.864476521,8.730187193,4.829744731,2.674049118
26,26,1.144380603,4.978507534,4.438967071,4.581789431,5.427613577,3.401471162,2.066367554,5.209830888,7.426420971,8.958100827,2.472272515,3.803070019,2.153344074,0.090728277,2.272360428,7.944124393,0.108405204,8.380708399,2.799219579,5.930954436,0.158737943,4.944352049,8.158483686,1.411581339,2.647109469,6.781359604,4.862857785,2.722024661,9.324315778,3.420077365,1.511891133,8.551086819,9.691595339,2.453958845,4.347379937,5.463048047,1.768948034,1.45453821,6.693547668,6.01628043,2.455374912,5.166857291,3.644253281,2.704627308,0.911095179,3.252438293,3.534279046
27,27,2.440692066,9.27557959,7.206677942,9.212307443,0.179797763,6.174880502,0.663217556,1.230780786,1.884337254,2.396393977,5.793434582,6.603694626,3.844864331,9.266001418,7.297579405,4.298405703,5.089788343,0.218411388,8.516448312,4.600484278,5.374057995,6.148267426,9.249382073,3.219373338,0.981459186,9.175382365,0.141490985,3.175556029,0.012380063,8.401031102,2.285387837,3.430461127,8.276336139,3.267441955,3.468147911,6.0038687,5.909930771,6.644347177,2.066093231,6.952114961,5.28364807,8.763282039,4.145987276,8.903248998,1.811689303,5.017964067,3.082108896
28,28,7.030177293,5.851615227,4.507581905,8.435114909,4.78224436,1.866902991,7.479817101,7.610269014,7.226465558,7.366579024,2.05675312,5.227805304,0.973031083,4.299168786,6.802287636,4.282132638,0.667168845,4.458647009,9.205596273,7.610723125,9.793696224,2.141643815,9.332935261,2.376341172,9.03220611,7.963090865,8.333468619,7.406935687,2.806096115,8.028174224,6.881420125,8.13886957,6.820727386,3.211575226,0.233001266,2.130714677,2.416392997,9.586555501,8.091691914,2.732275977,0.642376664,7.096341391,9.766878743,6.766942422,8.41010722,4.062603048,5.767001659
29,29,5.524089298,0.117304278,4.631838585,8.23677145,9.529859096,5.375019776,1.868973685,0.193879033,4.425448379,4.809864626,3.86150435,2.891253564,1.675255675,2.94527534,0.471917245,4.351542836,1.986167294,0.160051352,5.727639706,4.332717438,7.819282673,0.49470916,9.557759916,4.560178999,7.677467516,1.439115175,0.382339737,7.284719161,9.448078262,8.554001978,4.368224996,5.920534641,2.004771863,4.458331994,6.89067456,8.288092919,5.247244593,7.407027908,6.919726202,2.80804507,7.734538171,8.890117969,5.644554801,8.36314637,4.829582573,3.264332413,9.528161143
30,30,9.565872548,5.429214208,4.844142445,7.762160196,4.127015722,5.331266532,2.262915674,0.552837321,4.255938557,7.638929675,0.952396887,6.997476615,7.840625921,0.378177116,7.343170923,9.410298653,3.263392432,0.103883137,5.491394315,3.080352886,6.925015571,9.357517223,4.294736166,4.572703136,6.013415102,1.715831811,0.886974055,2.294130393,2.892586812,6.40741884,3.90280069,9.558530472,0.995482605,3.015172545,6.401365554,6.933222382,6.297348513,9.67845844,5.689823006,6.542615023,1.674743756,6.193375217,3.147505311,6.173973054,2.666709929,4.941289525,4.404568774
31,31,0.298118128,9.329752463,8.114948741,5.355231095,4.650945655,4.407292337,1.183399387,9.500422879,2.083316683,1.89753277,0.063414124,9.165455158,9.441353161,9.873100204,8.478570238,1.698042086,1.690758204,9.913080884,7.220537899,6.313884279,2.19562358,0.120141999,9.26299211,3.041692613,3.149051969,5.011339314,5.627477245,0.582790637,4.144678078,5.539565479,5.527077979,3.372966218,8.053824944,7.863016579,3.975195439,1.185030922,7.31773659,2.106981177,1.166028335,7.021316734,4.391304889,8.549149821,5.257185561,4.740860928,8.849545783,1.054504104,4.692622845
32,32,0.607860707,8.154021773,2.400550878,4.706923314,3.710342291,3.204348126,4.548230824,2.64512041,8.715217229,8.378738289,6.717802576,4.251533401,5.457141242,1.23441476,3.879019963,5.022745869,3.29946893,3.933993703,5.369612519,8.424628249,4.041406319,3.995301583,0.797638004,4.83380545,5.418558792,2.123500691,1.468197328,6.303458827,5.028816581,6.390466182,3.635481985,2.98173981,9.546133163,1.084140929,3.223526356,7.888993531,1.149886421,1.167767395,6.546244548,8.495159972,9.02745212,6.123757371,1.077015642,3.210418247,1.913886469,5.140702351,6.412846435
33,33,5.099324274,0.440310739,0.138932824,0.919621705,0.12769514,1.915835132,3.81564825,1.019190301,8.137427257,2.286671864,2.081351236,3.612673461,2.456468068,2.129254317,4.543702363,7.902235705,6.243558878,6.191946278,0.248471177,3.775843293,6.425179897,1.280597416,3.660254181,6.215529782,9.841718227,4.010383392,8.524434444,3.393481411,4.75579542,0.770116102,4.005927327,9.629016727,5.57912043,3.042150288,7.036667614,3.18630375,4.51663905,5.268745106,6.161694358,9.466696389,8.137940144,5.72483377,1.797303086,3.712587264,5.349804881,7.181700327,0.814110179
34,34,0.070143686,0.370099631,9.282277372,8.820140088,3.172545203,8.445677658,5.578237221,5.124190635,7.013356248,4.555685817,1.345913684,3.211099953,1.210372714,9.041252189,6.530021737,4.363790257,6.887477895,9.166076893,1.651450558,7.335134546,6.057716301,1.976250168,8.21134584,4.983622926,2.456675196,0.383083332,7.071065225,2.064149377,2.121823748,3.680031565,0.983122865,8.652078754,7.705667469,4.599542609,2.092586554,5.528235348,7.904810456,4.500933035,0.788543039,8.478028846,1.650496051,9.697299734,8.740366639,5.956097492,6.874535835,2.013254983,3.327028551
35,35,6.480845513,5.148047937,6.330474375,7.535222468,3.678916085,9.282677999,7.663633414,1.120182489,5.399262495,6.767090988,7.898077757,3.977111837,2.173144314,4.098190362,2.285978705,3.864382646,3.806011944,0.87158975,4.399383589,6.68935413,0.100287972,9.578536404,4.684370108,5.253860479,3.003726801,8.243286773,5.887047799,1.895331015,0.266726384,8.745850989,0.602951051,6.888874803,4.678715713,5.714199418,6.769506932,9.420692829,2.487208368,5.914496959,4.270015992,6.086135321,6.323250792,9.581474762,8.722756947,4.220160075,9.127593305,6.881450444,3.180578988
36,36,8.795418526,9.204483962,5.369876547,2.730745549,0.980551027,3.692798411,7.009583306,3.378470881,4.34821495,8.735720193,1.773531236,1.011133673,1.200751385,8.989499966,5.198695917,3.205394808,5.216188901,3.99169436,9.124901281,8.55322483,4.008193125,0.84545166,4.501172065,4.016839648,5.808557584,2.068895307,2.267053673,6.008829723,2.724264413,6.752212533,1.921796319,7.558605595,5.592576588,1.085799067,1.515041116,5.604910419,3.235788422,6.775544459,5.905564053,3.221784023,6.662989444,3.615786335,0.17205263,5.54979218,7.194194053,0.849064323,4.644183871
37,37,0.035205475,4.655189372,2.609394278,9.014923672,7.262762765,6.833480569,7.314753581,4.416768098,4.465313974,0.66869285,9.161901769,4.471564147,9.654915516,9.141439595,1.636633325,8.502752954,8.427891059,4.890034413,9.062182173,3.481063839,2.709705717,3.306893621,9.870507501,4.297669908,4.255194999,8.673725963,4.166456496,5.066795833,3.467992886,4.794818366,1.254465147,3.513267619,4.721981956,4.563605896,5.908164102,9.502661227,7.695819801,9.860477982,6.504974921,7.924599086,9.029831133,1.729316353,5.274633726,3.925439389,2.777675671,0.366422102,9.224147663
38,38,6.733918099,1.750829875,7.167621523,8.864556003,0.717211961,5.160266616,0.743440816,5.916077262,0.830912571,4.859624151,2.271078456,6.674978931,0.547142049,4.236410492,8.604762379,6.180325112,2.171271526,3.517961856,5.139041925,6.363738883,0.028002433,5.998000026,3.210479335,2.502658371,6.191501967,2.851235167,2.740638723,0.709029775,3.856126234,7.102393387,2.834561564,2.088004021,9.62519493,6.448817977,5.679238139,9.839791001,0.192054997,6.690493852,7.417354356,2.942595568,6.581432254,3.98269636,6.319753156,6.905366467,8.996822126,0.802364081,6.075584607
39,39,5.249881055,9.158635541,3.356121969,4.105138472,1.236483415,1.032571247,8.497399247,8.548331083,8.622588246,0.234266356,8.615675878,8.953455368,6.507422002,7.408037218,0.577069576,3.578893085,2.498578715,7.332328894,5.936711413,0.416197252,5.999761065,8.436996544,8.019153857,1.974269654,1.025867631,5.428334086,6.624651656,1.903334093,9.97783184,2.972231894,5.965713306,7.671288172,6.557646691,9.683421454,2.516801548,0.265399702,9.399754152,6.536784425,2.625190494,0.530589358,8.430409133,1.933731693,8.608852793,4.922549142,6.132466269,0.398836297,5.300612251
40,40,3.487447354,8.466969686,1.38418959,4.636941301,6.721134683,3.608305299,8.880358114,7.8211727,9.573947357,2.361007218,4.703547663,1.12489002,2.162379782,9.078042958,2.804538121,7.622173079,9.763993928,3.400559048,4.923176912,2.036094027,9.354896538,4.26517788,8.202300274,8.812270041,6.203000355,8.822747924,0.115695738,1.683271272,6.109066326,4.192265975,4.578829054,1.877649291,5.995250838,7.560237691,3.953547655,0.320755362,8.61583874,0.725801565,2.141021438,0.96205539,1.684448077,3.788107951,0.057669479,4.571224458,9.485801938,0.950500421,7.574464937
41,41,1.889392849,5.241200384,6.646994944,7.548173707,8.250007387,6.081101169,9.331992318,3.89197992,8.777312466,5.418865108,4.790133128,9.574073873,2.790493185,8.647548543,2.132711444,1.690275977,1.55563459,1.659887679,1.829948439,4.596447438,1.078115649,2.67180547,1.87717185,1.278999761,0.036002903,0.967466751,7.443620249,0.387009462,0.671660318,9.912003593,8.449762581,9.853019797,5.020568767,9.359476659,4.407337986,3.365051505,9.194759767,8.320513633,3.545632917,1.686044365,0.393507877,8.008216018,9.028765927,0.907978269,7.088179734,6.35369318,5.084855189
42,42,6.844671433,6.282298481,6.925428126,0.975626607,5.282351048,7.559759135,7.170357518,3.269714179,2.424706458,7.038806913,5.533648543,1.103194263,1.865420728,5.591093254,5.481899291,2.88535905,1.068684053,9.484763431,9.349040475,3.995339716,4.476750531,4.13614139,9.930283715,6.205673789,7.233387189,6.253338938,0.614532375,1.727596341,8.76477038,5.507057322,7.103296565,6.91891455,1.368792453,7.221378311,1.537271122,3.816026956,5.4814474,3.364932418,1.85812083,0.712921475,7.62739041,2.595962373,2.09809356,5.649956344,6.711084361,1.867895826,9.422199803
43,43,6.105201284,7.490652378,8.656146337,7.750512823,9.384713832,4.402997961,5.536605502,8.02240113,5.678834726,6.910807293,9.321739291,4.304010942,1.899647181,0.644174641,6.707750585,1.73673355,0.75126451,3.070529642,3.069024076,0.379462594,2.002973574,1.518988794,5.846454786,0.310466456,4.302275489,6.166451806,6.762847047,9.116800422,1.435374834,5.396389474,9.408020889,0.647748313,6.740977054,6.063895891,9.409413188,7.160058554,0.480712862,0.644041968,2.728855542,4.72352934,5.739557548,9.928520259,0.328205119,0.834586467,2.729719046,1.344930186,2.462795235
44,44,4.087389808,0.404177461,3.694514909,8.058786497,2.494958192,2.215901538,9.884700505,0.508869182,3.228205727,8.395842824,6.313700761,5.559331441,7.899930865,5.927026879,2.895728517,0.531502563,8.226482126,4.500906802,2.722355858,7.061013626,3.579986835,4.125998543,8.860154577,5.595777239,7.005841156,1.87206181,3.487688015,7.969221192,3.669797316,5.588444227,9.408962475,8.295802794,9.02615773,9.176096816,3.411492535,8.948965362,0.244700162,5.122199021,5.137031063,0.405464109,0.153043353,7.520226554,0.496983986,9.895829553,1.867362025,4.284698775,5.963510964
45,45,4.888942778,5.706195284,8.17240049,3.118347862,1.878559545,2.951782394,2.096114692,3.774147914,0.157430811,2.327656712,4.839351353,2.554603042,0.214883778,6.117159593,1.241217197,1.104020933,2.3300497,3.245072914,1.448492731,3.106016713,4.80934514,5.405418579,9.92288988,7.913620192,3.506285581,3.583757096,9.967393139,3.944784108,8.996906047,1.305006517,4.929530106,8.931543685,5.684363216,8.27206101,8.062609062,5.070198751,8.110367442,0.688436893,0.066514456,5.411313346,6.84626228,7.48803815,3.270762503,3.204657732,8.673502082,3.077707131,5.151405592
46,46,1.19519646,6.16668221,1.853033639,3.897191095,7.411165835,7.786789666,8.614508552,4.162644617,3.715367815,9.462262077,6.99452679,5.216548629,8.441145635,0.585218297,4.882574938,6.755562977,6.230058091,0.974482583,3.775168795,8.589118498,6.551482046,9.019325135,8.125849943,9.241342613,2.278962989,1.372259747,6.010326808,6.144521171,3.788015555,6.269644,1.037376264,5.565426659,5.962515203,4.23708003,4.806965654,0.557347228,0.229337883,0.610323053,1.340595496,5.817802642,3.184968559,2.41509866,0.640790734,2.188865235,6.06593497,4.99757688,8.925824506
47,47,5.787723935,6.689264748,1.982563397,8.690525316,3.409845698,5.881048835,8.806228137,1.638520093,0.345324708,8.27376538,0.196766743,0.378175245,9.754449865,8.302450884,0.884728798,1.705829595,4.844390004,5.077339222,3.461419416,1.801516244,0.965273932,2.820090408,8.050500879,2.627736701,2.161839978,9.672166224,3.578213548,8.403385002,1.241878021,2.755960641,6.651004927,2.165393586,1.808692222,9.172810029,9.883735664,1.263129203,9.087216694,1.235834334,2.803936915,1.38809033,8.770701839,7.608436339,4.386140967,6.238885712,3.334414415,4.922926615,6.567304913
48,48,1.905478893,6.066604564,0.579448679,1.927063262,1.211423624,2.297670391,0.965645972,6.799601155,1.829966985,9.664643583,0.449978363,3.357013934,1.054665891,0.718134976,5.672021845,4.23905487,3.267854927,4.251055369,3.081004456,1.992747825,0.389370621,9.428185595,5.844428248,2.761328266,6.932641993,6.445988452,0.344753777,4.876318818,4.490318033,6.433022116,5.338816537,1.153942823,9.442187168,9.291123798,5.590610883,7.537606249,8.603857427,8.275198765,7.206057627,5.287040336,8.622759077,5.830748556,7.95412507,4.965612549,1.676633554,8.321187354,1.844287764
49,49,7.354737158,1.229898233,8.367808021,9.701354949,9.184080001,3.88243105,2.985067675,9.357314514,6.726828246,3.975146112,4.74532829,6.271371224,6.726191373,1.741922449,8.970663585,5.919678256,2.364966048,6.369116429,8.529244137,2.545884141,1.270371224,4.249809672,7.343205453,5.230180988,4.41594864,6.553926698,9.58879117,4.137955688,0.168720619,2.358748636,1.697849163,6.841205803,8.17209649,4.562981168,8.104694463,1.318113319,9.225479835,3.397747455,5.046485859,8.884568935,8.547865917,8.525895372,3.576109962,3.569922129,9.36347182,0.669977306,8.671077208
50,50,6.202602717,8.701594082,2.148320011,6.475944865,7.991496789,1.206080569,1.303176211,4.763268258,8.204934735,9.34983992,5.55374505,1.315207259,0.215224144,5.072939724,7.934441101,9.412165102,7.30487096,4.143847327,7.120347408,6.512403836,3.555089136,7.527131256,1.940533471,1.854723887,4.301356169,4.033499679,0.646563753,7.960372558,7.971218655,6.34948609,0.1213876,4.937053602,7.191146914,1.751476417,3.844323278,2.60331757,5.25139953,1.874284286,8.994083697,5.848491203,3.452702427,5.634839983,2.899266083,7.184081765,9.514807069,7.445759838,1.605419669
51,51,0.73964315,8.27228571,0.376964953,5.910461452,1.105845208,8.801569528,5.290762301,6.446427832,9.077526122,7.911371368,1.521127379,2.701379967,3.193879044,9.094689408,9.857467647,3.139967769,2.242897749,8.84191144,9.658154666,8.189347133,3.807048747,1.411236394,3.997832992,4.26347673,2.20855611,3.53570289,8.988629083,9.70800628,1.712028165,6.621251983,4.797154523,2.595672883,2.363439311,4.579488546,3.267277018,0.499167335,6.111232313,0.855609754,9.713941639,6.687047358,8.199664001,6.121985592,8.145182284,8.541889639,7.311212397,6.248222866,9.043931094
52,52,9.921143879,2.678100674,2.124762236,7.468266461,0.325547181,0.30177874,6.566762818,7.347827614,9.024413596,0.754627221,4.289655249,1.264892451,6.054465177,0.607285071,9.334588062,4.077326053,2.716878996,0.515934401,4.972720313,9.43123504,0.246697928,1.863924077,5.79083682,5.466574273,3.71399281,1.090751845,2.098340294,5.718959362,7.761557369,1.153870027,6.497824207,5.035578865,5.339518361,0.209113436,3.675875946,5.463191207,4.83717843,5.477494848,7.939654543,0.239639819,1.406759374,7.640768443,9.924065899,2.4091428,9.224266917,2.835625239,4.146043272
53,53,9.336910552,6.177296683,9.59508645,5.713523144,3.125477518,4.148899843,2.840110467,7.551227994,4.63529978,0.937917278,1.623156393,4.276130619,4.011353789,8.292414628,3.865798653,8.873051819,0.87184393,0.97440549,0.085668929,6.108262686,9.128521767,3.227606734,1.959833485,3.525998746,0.619853552,0.493452534,7.703144533,0.13943239,8.957177099,2.952459931,8.465333182,8.622125474,9.175727543,6.44185456,8.834353481,3.826192436,5.637848848,4.439060902,6.393175403,5.710942627,2.951821262,5.933048323,3.015130633,2.240289581,6.846546784,3.539654577,8.714954503
54,54,1.044240778,5.494459697,3.173906821,8.951263723,1.114334523,4.816588358,4.741244724,8.717355819,3.90857282,1.722526292,2.108688138,1.100816789,1.292869263,1.130693565,2.983513623,9.81938197,3.37634442,2.821782661,6.058619098,7.992542611,7.872795823,8.321194939,8.33587039,3.063273696,9.639509624,1.364986774,4.284274843,9.486118305,1.023304807,9.824220721,1.519102721,8.904238429,0.330343482,1.541791481,8.118787006,0.166557847,9.964462272,4.77709265,8.761285325,5.221126904,0.969234437,9.646578571,9.773951828,6.461194462,0.833579096,1.382997603,7.863474027
55,55,7.961111305,9.269718228,6.801799849,6.540995907,0.772444445,5.532792145,3.192192879,1.344541896,6.996696911,0.482419534,3.790165034,0.609128439,9.233418342,8.484570854,0.007915277,8.298960877,7.551481612,2.620105693,3.32058122,9.976508869,1.551998424,4.144490378,2.535289427,1.766378993,7.168524723,5.234212603,0.776533681,3.354868412,8.571354633,3.316577754,4.6592138,5.912113122,6.518573068,8.946527239,8.951206618,7.452332397,7.225347641,8.799829653,0.920119631,5.099033596,6.482728467,4.287805606,7.5668934,8.961135164,2.790379659,5.686642608,0.589769234
56,56,5.293639359,7.654407113,8.398848129,9.600650587,6.629071083,0.85964503,0.600352886,7.758979839,6.391233147,7.60307594,8.832931966,4.684113067,4.86086336,0.655110236,0.869673009,6.512027398,8.745470039,5.855818761,8.402395341,3.103038985,5.691098136,9.508127153,9.658824522,9.112974881,1.491909207,7.093223145,9.364330681,3.503046329,7.882538671,0.083178686,5.854344012,9.331815476,7.558535843,6.641126074,9.608174262,1.82468422,5.138128782,7.307453228,3.329296851,1.903840604,4.136380655,8.242938186,8.588702603,2.950823195,9.876486396,8.62969538,3.269023629
57,57,2.192040208,4.964610209,6.198130115,3.665453129,0.330979444,2.515467326,5.031475138,9.6758928,8.678774748,7.83248857,6.990998818,2.300382836,4.010598852,4.315134867,9.97884597,6.772346055,2.693339315,5.458964518,1.052197448,8.41175621,3.207047398,3.957877956,1.401533945,5.040109097,4.438006975,1.659853159,5.227785877,5.341761511,8.625155931,0.756407041,7.476478642,7.429511159,5.715413418,4.421300364,5.13807698,9.911794818,3.630843036,3.44533931,1.964336204,1.249683802,8.362131506,1.919380876,1.348341549,7.417065663,8.716034042,9.74661385,2.712363349
58,58,9.315177457,0.848412094,8.988280938,7.623389303,6.337646289,7.538613801,2.855838894,1.921763654,3.932956295,9.664800782,0.702750934,6.977625727,5.776476677,7.3824373,5.178320567,6.426421471,4.216310178,8.205177073,0.459163478,4.622446844,6.419488485,7.924535549,1.318222611,0.165389032,6.843933952,8.672415025,2.56799651,0.455891233,6.682547892,5.26510818,1.960606218,1.113722978,1.157182537,9.38449043,9.329829522,8.057785688,1.883249384,5.447438617,9.524907088,7.532688744,0.775122234,3.034109035,1.786229974,5.458542119,5.259120237,4.187995716,5.020575081
59,59,1.122317672,1.062035265,4.311759638,4.513430021,3.11721287,5.092197268,6.713389755,7.541899177,1.557237801,6.099790314,0.293610127,1.98265726,4.823063495,2.406225866,7.083970746,6.287356565,7.299965967,8.851084205,9.285850928,6.427039571,2.819977414,0.587349889,2.213778199,7.384667352,9.010288901,7.645816178,7.557588456,8.537324488,6.916318483,0.990352727,4.849520096,6.307588705,3.101274935,8.281986381,4.304718321,4.305567552,0.67390477,0.915765387,5.391964898,0.720776973,8.418258841,0.589130808,0.145659186,4.017300188,2.700153591,7.036547294,9.686231003
60,60,7.559715217,1.361759303,7.045148856,2.439667922,3.70899249,9.942769246,0.442956903,3.627624132,5.190044191,7.070020973,8.334619952,7.409057382,5.301279802,8.044210435,3.27534087,2.815324991,6.671927436,5.927310809,1.820575459,9.808495088,1.46861808,8.009372423,5.896938964,8.659036628,4.065259264,6.069276245,6.088884538,5.613073738,6.609201359,1.457159449,0.719281302,9.571714851,4.157651372,7.643854663,5.212043758,1.74640895,7.323500602,0.257234264,4.358221203,3.797248889,1.245651778,1.42693197,1.56084412,2.309052479,4.447784569,6.883294882,4.243396381
61,61,0.163955523,0.479023934,6.221469234,6.951109731,4.62584111,8.736351456,2.917959117,4.488826583,0.971151088,7.712756847,1.893871519,6.677850536,9.419147822,6.646873582,6.007456324,9.153945357,6.397488309,6.712034199,5.57423661,6.147631217,9.767075829,9.598976898,0.566825898,9.322375543,8.474632049,0.306531241,7.91844135,0.171829432,7.558202782,6.46043825,2.901231342,5.733500079,9.866619379,4.743431397,4.648882224,2.538694692,2.494318988,3.812707015,2.83149346,1.809034732,1.729024249,6.396304571,1.078869158,0.544066244,2.505520917,0.112402107,3.150759646
62,62,0.569904129,4.811329032,9.605636613,9.060371566,3.684074506,6.801568342,5.655629527,0.332498049,9.529453322,8.746041288,3.246998664,6.371523239,6.12551223,5.914050895,5.242940181,5.477850952,4.048720195,8.759655712,7.536967274,6.983129353,0.008273974,0.286617884,1.149512356,6.313598753,5.83765703,0.492667455,1.055163985,7.629205865,4.889265706,7.086444598,2.747362958,1.089330439,9.913290832,9.236521326,9.893155344,3.91266667,8.849043932,8.779453608,4.986556567,5.826192116,4.595728473,6.670685783,4.803015924,2.709805334,7.013788472,5.431581112,7.981778123
63,63,6.410046054,5.728351337,8.665229485,9.925100189,8.088584942,5.383893017,5.565942698,2.419585717,8.569592111,3.123548331,4.413073242,9.780759134,0.287971637,4.614265098,0.064076488,6.161067397,9.142114746,1.541198748,4.902566596,1.984595184,1.513087219,9.169237702,0.631273546,2.001015873,5.565151654,0.722472009,9.518746683,4.933561083,1.614073514,3.874984268,0.400766109,0.752352326,0.217047151,9.117433862,0.047854762,9.658948578,4.442911855,4.347598126,7.403132002,5.917923007,9.937116257,0.294100797,2.845639135,7.251448858,4.941803867,8.950849594,8.627340199
64,64,8.199611836,8.59130933,6.686177334,0.245808357,2.31106805,3.080011301,5.307685298,1.310691291,4.288007546,9.717513484,4.003088027,2.197022575,0.322176254,9.13137298,8.207409416,6.599150054,4.127278484,2.107196598,1.331412971,2.740250969,2.111916965,5.010550373,5.584595026,1.358080283,8.66204957,8.151667488,4.339428171,4.069821435,6.402134391,4.396600488,1.36693146,4.841433817,4.775714656,2.16002316,9.235868346,3.365618441,7.542538302,4.080447648,0.061744881,0.1555762,1.612998908,4.879867785,2.363127111,8.512855947,1.403085757,2.646436278,4.320721534
65,65,3.574077864,1.394895129,3.846180415,7.404848237,4.671662188,3.125270575,9.321651357,4.948388592,9.240290667,4.118093673,8.610794402,9.577175081,4.36075508,5.861491856,5.185495081,6.100036995,0.879193785,8.424847053,0.219894003,7.780745818,6.653092394,4.138056594,8.979749413,6.730012517,7.410281624,2.324756496,4.653053505,1.758046438,7.509936661,8.907372377,9.548231473,4.878225081,4.540707932,7.850025849,9.971811689,5.557984173,5.676477907,8.035329934,1.15525839,5.753054619,4.149225799,7.12501461,4.467741633,0.432223243,6.156797275,1.371353613,4.090637797
66,66,5.232883699,5.601532245,7.266024224,3.716718791,7.573949939,8.467023267,8.19434987,5.237114837,1.02980593,2.143593286,5.842787229,9.699744586,4.856386638,7.575288454,6.671659453,1.13020983,6.615304834,7.262138285,3.803859595,0.647288865,8.614917255,6.790945771,9.88185541,6.641689065,2.643187928,8.857680181,9.343788306,5.576116442,5.100215848,6.904606905,0.859474535,7.286011959,3.70146515,6.484430055,3.068299396,0.487123918,4.109266301,4.620065998,9.882570461,9.020954713,1.699601191,2.314650639,1.880362519,5.473643411,1.746465423,7.884766002,6.492619282
67,67,8.160355527,2.244899104,2.30974256,9.651585522,5.660231576,4.368176343,1.900322146,6.935306197,7.31838633,2.821227163,1.152251955,5.486709547,5.180687563,9.521296844,0.669093342,5.292143532,5.967844124,6.703954247,9.829676113,3.585604463,7.466642608,3.110210174,5.509572556,3.231432814,0.110196598,6.264379851,1.254702759,0.102421898,0.205281534,1.077978968,1.197283294,9.09950066,5.443211637,3.328741495,7.596384037,7.069363857,9.56751405,5.031215479,1.43306284,5.718230325,7.638609451,7.846835561,4.85383189,9.574959237,9.486135416,2.862631959,6.688923609
68,68,6.940073679,1.664713062,0.342494211,4.324169082,8.095588251,1.548408854,4.906327821,2.919663765,1.370479934,0.9450473,5.907928256,7.493134482,7.587971468,9.163479459,9.229112858,4.200990892,7.885967909,5.158973909,1.22081656,7.44326011,0.326415255,9.370462362,3.892189225,1.210986263,3.696122224,5.750799188,6.155453454,4.732320773,3.044111279,2.043913889,5.123289013,2.895232959,6.351483576,7.908177636,4.595308781,7.894029794,6.567221218,3.173956711,5.932089524,7.234682663,4.667546581,4.889953082,7.957542246,8.713514799,6.1078121,6.406424585,1.985796
69,69,0.993930581,4.647431461,0.547917019,5.081381971,1.188279083,4.620243429,1.651243206,6.40402511,4.40346176,2.998420432,2.619317994,0.290988078,7.906490169,8.972525842,5.087463381,7.940360934,8.974386728,2.656211807,2.215337786,7.894680264,3.283279619,1.965611694,9.172208942,0.095189101,4.019907263,3.98762393,8.835557926,3.624945665,0.949048448,5.444121468,1.848023875,5.573114819,0.977982633,9.497727933,7.918719893,3.436519439,8.977995251,0.010785515,3.062176122,1.342879127,6.880604128,7.86592854,8.652460579,8.775062531,7.361355992,2.123871785,4.187097718
70,70,8.486036784,1.111334772,1.069774108,9.485098862,0.116970147,1.001849271,6.329963622,3.337002995,4.343661225,0.716123575,6.34147383,1.602223575,1.255331422,8.081155457,5.824324668,4.240074882,6.06415603,3.752810559,8.154303728,6.556881375,4.819528457,9.33869678,1.139082478,1.978311473,3.253064382,3.193204507,0.124924157,5.209676634,4.564783761,6.278256488,6.710876283,5.800324456,9.464609599,4.971716928,3.527342717,8.552319743,3.499081379,8.245570542,9.401524059,6.396508669,7.518966795,5.199431145,7.11597885,3.696508178,6.358151006,0.022537382,0.957379031
71,71,9.641619333,1.347919239,9.111964384,9.69896741,3.52302425,4.085446192,2.864438728,8.620920787,1.733717621,5.712614765,5.851372913,4.084471737,7.903044749,1.471984242,8.547353386,6.706651083,5.034147277,5.280315647,9.813394353,9.840944194,9.113021029,3.3641746,3.17478671,0.809384261,5.588035053,9.032170539,5.508665237,2.932399418,6.183832006,2.099102999,9.309365284,7.632475104,5.443331556,8.895753669,8.619672089,2.65136332,5.688221759,8.858384642,3.595813088,6.246713379,5.417789688,2.325869349,2.730914435,0.608480783,7.007660526,2.305018292,5.472092594
72,72,7.373560214,9.107511889,8.848494458,8.902965035,8.910013695,6.69494412,9.734199481,6.268306599,5.103975304,6.291565097,3.803847656,2.8842188,5.08060487,5.338961798,1.282439713,5.708371844,8.291358341,5.759145804,9.351902568,6.961310771,7.074726358,8.562577669,7.909945726,7.00357475,8.740576705,8.764336057,2.980712398,4.872555733,6.424203499,1.94492441,3.977269406,0.792783473,3.365354481,9.303866853,6.45102656,5.700899819,3.91146539,9.397548305,6.320627275,1.762092198,8.849072336,0.61750212,7.215861982,6.163331526,0.327744333,4.50582302,8.539562555
73,73,1.52049246,5.839402373,7.443962207,6.073962393,4.174688629,3.913359616,8.33782369,8.179034396,8.735773918,2.386154796,6.353219197,9.045070593,2.68275049,0.988396401,5.324598662,3.93869286,7.526410142,5.447555774,8.097436766,9.68092533,5.425524844,4.757429358,1.935948737,9.288783556,4.103511908,1.98930229,9.027678895,0.354748317,6.689514157,6.411241542,0.760890269,2.147595947,3.26615376,9.238302024,9.661604372,5.979160699,0.809150747,9.585525558,9.725471271,3.544453838,1.298474618,5.563425243,0.436691179,2.210894285,0.582521989,1.70819826,2.166218066
74,74,8.97464237,8.421473483,8.965357434,9.165681494,4.937900833,4.992218556,8.686686475,6.435431713,1.921886527,7.6138028,0.996365376,3.038059378,0.259871976,1.71496765,9.456256409,1.844311449,1.211159939,9.742096585,5.162373836,7.497161676,9.596193181,8.829620817,6.061149494,1.130138141,5.152038798,5.498812639,7.514516623,9.760743079,8.348928826,4.750694778,1.521966165,4.890487094,8.017766365,8.688184564,1.506950064,5.38402717,7.130264907,3.938656017,3.519023554,8.464554945,0.321715862,7.273091907,3.159924794,0.086900556,6.732805911,6.384625507,1.216978638
75,75,8.748066907,8.640281917,4.971396763,6.32137334,7.828919889,0.564330056,1.189486698,9.89821854,1.858226889,7.140964838,3.000611817,3.891349636,3.827287454,3.227920504,0.102488927,2.795194466,6.015858957,2.436920283,8.555087926,1.75018613,6.561293157,0.420888983,6.302755168,0.018280114,1.846888252,7.083442261,8.468746106,6.460826011,5.448435335,6.256622891,8.408542899,0.829557927,1.915181197,6.559273774,3.686920062,7.616349918,3.376245932,1.053587383,2.461455985,9.062821265,3.948677529,2.630455838,0.461421913,4.722159328,1.191713952,1.224161038,9.521676309
76,76,6.684755915,4.065346732,7.520853555,2.536965672,7.596230504,6.418864475,1.098540792,5.860202151,1.924644798,0.434108322,5.478975048,4.244188799,9.525826026,9.953117375,7.310913035,1.790363945,4.241510304,5.770938686,9.616151783,8.501555255,6.820593506,6.624654253,9.136223099,6.455375995,9.618727995,5.99368782,7.515002838,6.051104295,4.98058021,8.269410978,6.345919342,6.910629471,4.82389538,3.861124754,7.463994029,1.8822151,2.702633417,8.422479634,1.085956413,4.185237061,3.67506421,8.688763844,4.80577546,1.484196549,3.765997696,5.744459567,3.625046394
77,77,7.999573375,0.234789872,0.943810746,4.910595029,7.44530332,6.801189182,3.281268737,7.601401497,6.509511573,8.775709889,7.166767914,8.193008762,5.343052789,6.039428495,8.131018139,7.568685345,6.935552269,1.086051718,9.784295422,6.466445033,5.057746233,2.916557616,2.542790849,4.736157086,5.976902792,2.541099452,9.375267565,3.42938762,9.809244532,6.137701456,4.247312917,4.355598441,9.764311281,8.674733541,6.007720473,4.295859745,0.090433969,0.737835726,3.840648592,2.525879638,4.696435617,1.460541786,0.766921248,5.037508123,5.395697447,8.131934535,0.670997827
78,78,9.86302714,9.002162948,3.172621575,3.76729837,7.699604934,5.476868836,5.174844462,8.391113205,3.801149804,3.897666126,6.126621777,0.981818015,6.952444004,0.068199767,2.524375575,5.8811611,1.184015159,0.584048862,5.438100374,4.99310392,3.583551369,5.254271056,0.803441678,0.329202747,5.043162728,7.223768432,5.729039547,9.002159358,3.667399453,4.66178972,9.623843331,4.454207285,4.371066735,5.179607966,9.385121126,4.187484416,2.111395757,4.773411603,8.378542455,5.911162164,6.501084615,3.666008438,6.467809713,2.700902234,0.197721517,0.978536208,3.480638499
79,79,2.749495976,0.790193746,2.152798438,5.992216128,0.840672262,5.156562812,5.539912191,1.451059378,6.897339829,6.387995472,4.699125926,2.853436115,5.462070083,0.71232088,3.819358913,5.324110569,9.895331759,4.702195253,0.366414538,3.900356101,0.97012991,5.045586842,4.492593417,2.979077433,5.912405179,0.831046455,4.67150833,6.590208965,2.034785032,8.944599329,8.626501129,7.117479329,0.765613622,1.10608484,9.111139178,7.727929494,9.823146408,8.786069497,5.413619272,3.665007603,4.181512723,9.39131024,0.69463086,5.989298007,3.756968163,9.613255049,1.171802837
80,80,8.422922983,0.604811348,3.887033038,1.597083128,0.69068973,0.968297595,8.686236464,5.789494362,0.60135851,0.429471185,0.157148212,8.883858218,9.541761965,3.740539452,7.205769559,4.789274946,2.144827231,4.530248645,9.802481254,3.834860957,4.132256661,3.411001233,9.428480444,7.572798115,8.340039014,3.290813977,3.032188973,3.033801843,0.275056991,2.031072812,7.575063435,9.571274449,5.287485727,9.942055739,8.028266992,0.257484908,1.224144743,3.439982675,1.874616895,9.210679316,8.857485517,7.873084568,1.927230912,8.469333506,1.115934589,3.030761094,1.425852217
81,81,8.22291754,0.90760657,9.056013605,9.993092332,4.071951096,3.073645478,4.85393429,6.514252436,1.618977276,0.605628414,8.028518876,0.792856154,7.943755733,3.304771274,2.987822131,3.739498246,3.235116609,0.282622671,6.856667831,0.796834163,2.069198637,6.082271589,8.454639763,0.575342022,6.115727145,1.02171132,0.560937742,2.833630195,5.892224631,9.565163451,0.59168165,9.761769169,5.507086408,5.260424931,7.740053204,4.878260059,7.511820498,9.000933651,0.73088567,6.909221711,9.641689087,1.152909892,8.585455513,2.265623211,4.551949024,3.175509156,3.407105858
82,82,9.213568386,8.803206459,1.427248175,9.809240165,6.758801702,3.954796614,4.814980408,0.826062508,6.093455689,9.684124586,7.43535683,7.178802723,3.522844947,5.049233946,2.005241429,2.992778995,4.438335281,6.656070108,6.573490881,2.612121552,2.729911259,4.074795568,2.965170005,2.753347207,6.506314385,3.194501352,5.133518035,6.278759685,3.794086006,9.114404038,3.632993685,4.936011586,2.970970955,2.223594677,9.54165121,8.386659718,7.278525755,2.79868065,2.83443183,2.037153554,4.247206514,8.889497095,5.386937365,9.047138671,4.201339202,5.832997109,5.005763495
83,83,8.301785277,4.378933456,7.122953808,6.83471785,0.503265132,5.11354634,0.636441424,5.563614977,2.400183152,2.424946976,5.292956845,7.208435789,7.23033189,9.652464186,2.870372462,8.08601565,0.948990138,1.051538261,7.665077244,8.110153884,2.720891117,7.883824082,4.921581435,0.839797307,1.129119739,9.51497702,0.574959562,2.544986037,9.094814152,3.408349449,7.875398636,7.354113284,6.976269592,8.553870957,3.256259437,2.874505245,6.799702717,5.059259787,6.241380426,4.433153419,5.375536817,8.549771658,4.231849598,2.326963572,5.636249354,8.178692965,7.624510094
84,84,3.765862157,4.714147946,3.070345878,4.547632026,1.790701703,5.844550274,4.464295495,3.174742947,9.158368283,9.246081662,1.715054316,1.448642639,0.9219699,7.650148401,4.667119602,9.515512576,1.340429162,1.248445148,7.824712694,9.640489,4.92949446,4.545587093,5.987031377,4.642471395,2.584451745,4.321631701,1.956822501,6.006323589,3.63417222,4.718284783,8.244771654,7.357870755,2.506624169,7.485380892,8.810128171,1.253004915,5.525995219,4.097413117,9.688440669,5.740675616,5.33388105,8.662273862,6.665528735,9.666812174,7.923361338,8.813146736,1.388793074
85,85,3.494474263,9.521948683,0.841589397,6.569773226,9.440402977,7.814257814,0.744764501,8.795178498,4.85414051,1.310002955,0.314895297,2.777157184,5.430439666,3.178961324,9.692597859,2.370362095,2.454831916,5.250723137,6.205497623,2.56132206,0.375895185,3.511063638,3.75580116,4.142835989,4.596580173,6.804195927,1.1087656,0.586349492,6.317111755,6.543260481,6.972277466,9.941892049,3.000059578,5.807458785,0.322241787,3.290118656,7.307221927,2.50318475,8.114629933,5.598964239,1.330571225,7.902855252,6.308002862,2.308582105,3.451647612,3.994678627,1.733073307
86,86,9.912823573,2.770314075,5.539218008,6.801984984,9.745740295,2.861485236,0.343872334,1.629630601,2.120133816,0.760617614,2.236545351,3.334144283,8.598298237,7.220471065,8.843496708,3.318749793,2.146733069,0.984736133,7.7495762,2.612871972,5.211433026,3.408670023,6.272009003,6.988589231,5.977142917,5.59355744,0.307633837,5.653324883,7.767660765,1.60238992,0.782539904,6.213116995,8.464344025,9.996991265,5.067341468,7.550701451,9.196934258,6.269431588,0.621925259,9.440344016,1.17131922,7.714515323,0.849371583,4.035536694,4.353506135,1.373252234,6.578253794
87,87,9.272818958,5.434153838,9.308177971,0.204104418,4.954883647,6.153641841,9.34042214,3.017493566,6.245417734,2.791472172,7.002888872,1.100141251,5.886022966,7.657391748,9.92543908,2.206474827,2.605794706,9.590320906,1.549027197,2.413818508,4.840297496,8.752084337,1.343524963,7.220666024,3.800562262,8.523799925,1.613648053,3.551195911,3.907907632,3.247988121,2.015085415,6.348065051,7.628449333,4.44788602,4.764253724,7.719031689,5.375251728,7.345952906,0.764067175,9.385391452,6.443735097,0.556715826,3.306748921,3.711488313,4.777240286,5.585087415,4.663408981
88,88,6.192649951,4.98482803,1.996432935,4.423342645,1.835216445,0.079623108,4.247297695,1.428103786,7.068654197,6.937172328,5.860511082,0.623931385,5.485634887,3.778144439,1.842809081,1.708712274,0.967514583,2.747803591,4.60714822,4.066024628,2.278786575,6.422602791,0.20305097,6.439403976,3.64039583,4.701435502,0.534907176,5.130330839,2.980966044,5.729470191,7.788823762,3.116509886,7.491336451,4.972605062,5.894065226,0.258310573,2.969391847,5.799242547,7.048659485,4.231017741,7.864640782,9.950629202,4.104613872,9.683980521,7.480055467,1.141414176,3.015953937
89,89,2.358348888,0.667064705,3.869845657,6.198660452,6.614309948,9.324739255,1.650551792,4.914072732,8.665578442,3.936791749,8.295765542,6.711133876,2.45093829,9.571638629,4.487307574,3.89469607,2.402359325,0.101345901,1.581806719,4.484579934,0.932197491,2.31591284,0.88184795,5.309628024,1.124676785,5.709586827,7.429884547,1.297040749,7.490078531,7.685721692,8.500369449,6.927948577,5.515991696,5.501201155,3.75819446,8.758257444,2.789741422,0.88779953,8.408603258,6.156081493,5.984554226,7.515536431,6.905116689,4.861061289,4.380750221,4.133772516,4.20103437
90,90,0.303188692,2.298487799,6.615974754,0.663343523,7.912300689,7.153179446,6.130177711,5.529240619,8.528104757,7.740414871,8.110705187,9.604453616,4.627688588,9.629712737,5.709576945,7.186195126,1.456063404,7.893929479,9.688442299,1.743025253,8.421278204,6.075674741,5.061267112,4.307609263,5.017165734,1.370709067,2.131743102,4.30653704,0.554686338,8.437618246,2.16270119,5.42129168,3.245050997,7.128755178,0.836405476,0.289304897,4.717244303,0.647088007,2.531620224,1.94784561,7.980963804,1.395204359,3.432622729,2.900523719,7.175610223,8.685084146,5.548074921
91,91,6.155480476,1.623104662,0.583112534,0.185409273,6.514477588,3.785354324,8.588866328,3.101000077,7.25191036,7.48598874,1.259744588,8.835002961,4.400692105,6.375086481,2.944870365,6.463945137,1.094132088,9.959224127,6.954274987,2.527340328,5.851306368,9.966260968,9.085924684,2.059795202,6.496325941,4.986071991,7.51033972,5.383687521,4.075716124,1.79070056,1.372193908,7.23758504,8.448089372,7.587341103,3.1895768,1.645951567,1.545525287,4.007181547,8.971531421,5.321228733,2.604511571,6.410174996,0.282539744,1.544259122,8.859468328,3.096724584,7.556440016
92,92,5.51251864,6.158596786,8.842268464,3.896987292,3.687998061,4.176877789,4.496117821,8.087858964,6.875418185,9.642158751,4.374032985,2.673599476,3.976401543,9.775623693,0.892021561,2.530247051,2.452846257,9.573603746,4.739244289,6.530203968,1.373296452,7.756379611,9.130827929,3.682826973,4.256854655,3.379771601,2.448386781,7.006606306,9.677198766,3.20334871,7.41839358,2.144100207,1.250845246,2.269739362,7.604964941,5.146085993,5.238699873,9.202299111,3.0018602,1.585330306,7.921680482,0.996934717,5.442920165,7.274575864,7.590329313,4.838937897,9.726604773
93,93,4.861741681,9.583621602,1.22073653,5.270126495,5.957319954,6.517185531,8.005749876,7.386100717,2.252777457,6.114043492,3.513738359,2.625873183,4.363968803,5.547918529,7.578501717,9.691914038,1.608234161,3.363275813,9.64330948,0.404192557,9.629158768,4.419614063,4.721949277,3.924086569,4.127187638,0.710724198,1.127449325,6.510689964,0.405205174,1.754620258,0.5045657,6.873057046,0.379620163,1.251687827,8.01857779,7.358899784,4.173380745,9.303709895,9.238164006,3.642854709,6.665730502,8.543508788,8.128664078,6.378870833,5.316306993,7.262813998,2.100727015
94,94,6.401284389,9.567124781,7.290581482,4.061767938,5.648082307,2.837438334,4.046404159,5.556490953,6.971471447,2.892275793,6.722159186,6.188038164,4.426255717,3.737404075,5.898811945,8.899153911,9.707295154,4.091741248,3.169229799,0.03802186,3.042883113,2.530523586,0.690500016,6.033909539,1.812108223,0.399404651,3.331310249,5.946535838,0.33851748,7.392993539,9.869315882,2.71138126,1.462772925,1.921860276,8.64668322,7.566260736,1.976949946,7.894702705,8.652171737,4.901993797,4.221312731,0.39529674,3.175836655,1.610377773,7.767305644,6.056910818,9.579631597
95,95,5.696784364,8.29591639,8.045671793,3.819586702,3.999206903,2.914353906,7.708548013,5.670486519,4.500651522,5.021402498,7.289766823,9.111627423,1.086356457,4.450413525,9.517207802,2.875082852,7.995963334,4.03258269,2.660911922,3.900417889,5.16189857,4.266238015,9.663173414,4.298440438,7.092287034,7.742948589,3.646704969,2.448793496,9.191925419,1.31404238,4.921401637,7.37072976,7.136763292,9.339152005,2.746414895,6.580772929,3.006400262,3.935454247,5.14953395,2.991376439,8.319697962,5.73772353,8.790786472,0.173470702,4.526229159,4.223672272,9.469219328
96,96,2.670014939,2.587731366,7.207120195,9.353009795,4.687812295,7.930887079,5.101600906,8.933379789,6.175777859,8.748959802,9.095137709,4.252448353,2.027931463,8.623141712,8.471652866,6.71279641,0.3358394,5.991124674,5.842709868,2.374735117,7.438086122,5.745990883,8.621428689,9.391074291,6.902266,3.218311489,5.342057166,3.108188369,0.905329782,1.377839488,6.471936492,5.995432096,7.080655443,0.929601101,1.849484531,2.385535387,3.896880829,3.716074492,6.3854238,8.062727605,2.671804205,2.269399606,7.243994575,0.945649299,5.217292484,8.474349983,1.851792626
97,97,1.601299399,4.962474862,0.310432963,8.39022152,8.635819452,9.004264025,8.407702344,9.948908146,1.83183474,4.112942871,1.934580778,8.378653283,6.26712084,8.42079623,0.355011484,3.809691205,3.815878202,7.911717372,4.426853188,6.15104345,7.624524753,0.605050478,6.404589376,5.650445048,3.710543439,1.483511249,7.221254278,2.292741041,4.615392124,3.400529881,3.516225249,9.305345351,4.56335962,5.335718289,6.95586362,1.879438666,5.978052443,2.571191078,3.005878687,9.124953746,3.745373023,6.72495858,9.04699399,1.995944149,8.448481452,4.656124618,2.522996772
98,98,8.564859603,7.242950806,5.179395754,9.996176078,9.927676972,8.531608678,6.532223934,2.98349022,7.06801063,4.814355628,9.318139987,9.973452001,7.401859617,1.764363835,7.331475274,1.951973074,4.955921781,6.049046028,6.931263714,0.316569179,9.867008346,8.979414301,5.408425608,1.387034619,8.519697703,6.475610914,0.707839027,0.861760746,1.604099955,6.545841461,9.772146882,1.241855107,7.751244845,4.638509218,7.74437099,7.44176117,3.697115251,7.483974723,7.331896331,4.282807324,2.933382478,5.351556354,4.140556997,6.4821751,1.119343816,1.684388533,2.015417026
99,99,5.048343459,7.065653036,7.250550479,3.362066312,8.577410398,7.194543723,2.090603023,2.251254463,0.509175995,8.770135525,5.926524123,8.881331701,2.077926581,7.386189559,7.37492459,5.234173261,7.836004592,5.376193785,8.033233494,8.320225134,9.389254974,8.784897178,9.908563323,7.042552158,8.593917596,6.008978449,6.266960052,3.510827075,8.951408946,2.13261991,5.063285983,1.823325693,4.386234133,1.449900785,2.267103073,5.185136216,3.567704221,3.325797685,0.148780259,2.15373693,9.42118041,5.701803677,4.830490372,9.195817437,8.071852474,2.843325111,9.177054555
100,100,1.567551455,5.025355156,7.046243078,5.597095261,7.067213213,8.01263541,0.378158567,3.536682954,9.243155752,5.106774707,7.150242302,0.536509956,9.545796578,8.778420615,0.658808402,2.623682792,0.441680964,2.232827102,9.857792244,5.122570719,1.592736628,7.992232938,4.444252099,7.435223241,9.031323899,2.827436453,5.569787046,6.577396675,6.379377547,3.017615496,8.544267239,2.982000458,8.947534389,5.178068448,9.015974932,4.858763388,6.687062582,1.265797881,3.093605078,9.195220907,4.613995868,3.854679928,1.454121266,7.056907077,8.903867514,8.091718858,2.537591386
